domain,brand,category
awaytravel.com,Away,accessories
calpaktravel.com,Calpak,accessories
dagnedover.com,Dagne Dover,accessories
ekster.com,Ekster,accessories
groovelife.com,Groove Life,accessories
herschel.com,Herschel,accessories
monos.com,Monos,accessories
orbitkey.com,Orbitkey,accessories
ridge.com,Ridge,accessories
aloyoga.com,Alo Yoga,apparel
andieswim.com,Andie Swim,apparel
birddogs.com,Birddogs,apparel
birdwell.com,Birdwell,apparel
bonobos.com,Bonobos,apparel
bornprimitive.com,Born Primitive,apparel
chubbiesshorts.com,Chubbies,apparel
cotopaxi.com,Cotopaxi,apparel
cupshe.com,Cupshe,apparel
cuyana.com,Cuyana,apparel
darntough.com,Darn Tough,apparel
encircled.ca,Encircled,apparel
everlane.com,Everlane,apparel
fahertybrand.com,Faherty,apparel
frankandoak.com,Frank And Oak,apparel
freshcleantees.com,Fresh Clean Threads,apparel
girlfriend.com,Girlfriend Collective,apparel
gymshark.com,Gymshark,apparel
honeylove.com,Honeylove,apparel
janji.com,Janji,apparel
katinusa.com,Katin,apparel
knix.com,Knix,apparel
leftonfriday.com,Left On Friday,apparel
mackweldon.com,Mack Weldon,apparel
marinelayer.com,Marine Layer,apparel
ministryofsupply.com,Ministry of Supply,apparel
negativeunderwear.com,Negative Underwear,apparel
nobullproject.com,NOBULL,apparel
oneractive.com,Oner Active,apparel
outdoorvoices.com,Outdoor Voices,apparel
pathprojects.com,Path Projects,apparel
saxxunderwear.com,SAXX,apparel
senitaathletics.com,Senita Athletics,apparel
sheertex.com,Sheertex,apparel
stance.com,Stance,apparel
stateandliberty.com,State and Liberty,apparel
summersalt.com,Summersalt,apparel
taylorstitch.com,Taylor Stitch,apparel
tenthousand.cc,Ten Thousand,apparel
tentree.com,Tentree,apparel
thirdlove.com,ThirdLove,apparel
tommyjohn.com,Tommy John,apparel
topodesigns.com,Topo Designs,apparel
trueclassictees.com,True Classic,apparel
universalstandard.com,Universal Standard,apparel
untuckit.com,UNTUCKit,apparel
actandacre.com,Act and Acre,beauty
glossier.com,Glossier,beauty
hairstory.com,Hairstory,beauty
herbivorebotanicals.com,Herbivore,beauty
herocosmetics.us,Hero Cosmetics,beauty
iliabeauty.com,Ilia,beauty
kosas.com,Kosas,beauty
meritbeauty.com,Merit,beauty
saiehello.com,Saie,beauty
starface.world,Starface,beauty
summerfridays.com,Summer Fridays,beauty
vegamour.com,Vegamour,beauty
versedskin.com,Versed,beauty
100thieves.com,100 Thieves,creator
aboutface.com,About-Face,creator
aimeleondore.com,Aime Leon Dore,creator
alaninu.com,Alani Nu,creator
anastasiabeverlyhills.com,Anastasia Beverly Hills,creator
beistravel.com,Beis,creator
bloomnu.com,Bloom Nutrition,creator
cloakbrand.com,Cloak,creator
colourpop.com,ColourPop,creator
draperjames.com,Draper James,creator
drinkprime.com,Prime Hydration,creator
fazeclan.com,FaZe Clan,creator
feastables.com,Feastables,creator
fentybeauty.com,Fenty Beauty,creator
ghostlifestyle.com,Ghost Lifestyle,creator
golfwang.com,Golf Wang,creator
goodamerican.com,Good American,creator
happydad.com,Happy Dad,creator
hauslabs.com,Haus Labs,creator
heatonist.com,Heatonist,creator
honest.com,The Honest Company,creator
hudabeauty.com,Huda Beauty,creator
jeffreestarcosmetics.com,Jeffree Star,creator
kith.com,Kith,creator
kyliecosmetics.com,Kylie Cosmetics,creator
lttstore.com,LTT Store,creator
madhappy.com,Madhappy,creator
makeupbymario.com,Makeup By Mario,creator
morphe.com,Morphe,creator
mythical.com,Mythical,creator
patrickta.com,Patrick Ta,creator
rarebeauty.com,Rare Beauty,creator
rembeauty.com,rem beauty,creator
rhodeskin.com,Rhode,creator
sidemenclothing.com,Sidemen Clothing,creator
teddyfresh.com,Teddy Fresh,creator
theouai.com,Ouai,creator
hyperice.com,Hyperice,fitness
onnit.com,Onnit,fitness
rumbleroller.com,RumbleRoller,fitness
therabody.com,Therabody,fitness
athleticbrewing.com,Athletic Brewing,food-bev
atlascoffeeclub.com,Atlas Coffee Club,food-bev
bachans.com,Bachans,food-bev
blackriflecoffee.com,Black Rifle Coffee,food-bev
blackwhiteroasters.com,Black and White Roasters,food-bev
brightland.co,Brightland,food-bev
burlapandbarrel.com,Burlap and Barrel,food-bev
catalinacrunch.com,Catalina Crunch,food-bev
chomps.com,Chomps,food-bev
cometeer.com,Cometeer,food-bev
counterculturecoffee.com,Counter Culture,food-bev
deathwishcoffee.com,Death Wish Coffee,food-bev
delacalle.com,De La Calle,food-bev
diasporaco.com,Diaspora Co,food-bev
drinkghia.com,Ghia,food-bev
drinkolipop.com,Olipop,food-bev
drinksanzo.com,Sanzo,food-bev
drinktrade.com,Trade Coffee,food-bev
eatbanza.com,Banza,food-bev
equatorcoffees.com,Equator Coffees,food-bev
flybyjing.com,Fly By Jing,food-bev
foursigmatic.com,Four Sigmatic,food-bev
graza.co,Graza,food-bev
hukitchen.com,Hu Kitchen,food-bev
intelligentsia.com,Intelligentsia,food-bev
jacobsensalt.com,Jacobsen Salt,food-bev
jenis.com,Jenis Ice Cream,food-bev
kineuphorics.com,Kin Euphorics,food-bev
lacolombe.com,La Colombe,food-bev
liquiddeath.com,Liquid Death,food-bev
magicspoon.com,Magic Spoon,food-bev
onyxcoffeelab.com,Onyx Coffee Lab,food-bev
partakefoods.com,Partake Foods,food-bev
passengercoffee.com,Passenger Coffee,food-bev
proudmarycoffee.com,Proud Mary,food-bev
redbaycoffee.com,Red Bay Coffee,food-bev
ritualzeroproof.com,Ritual Zero Proof,food-bev
rubycoffeeroasters.com,Ruby Coffee,food-bev
sightglasscoffee.com,Sightglass,food-bev
spicewallabrand.com,Spicewalla,food-bev
stumptowncoffee.com,Stumptown,food-bev
truff.com,TRUFF,food-bev
unrealsnacks.com,UNREAL,food-bev
yellowbirdfoods.com,Yellowbird,food-bev
allbirds.com,Allbirds,footwear
beckettsimonon.com,Beckett Simonon,footwear
greats.com,Greats,footwear
koio.co,Koio,footwear
nativeshoes.com,Native Shoes,footwear
nisolo.com,Nisolo,footwear
olivercabell.com,Oliver Cabell,footwear
olukai.com,Olukai,footwear
rothys.com,Rothys,footwear
thursdayboots.com,Thursday Boots,footwear
vessi.com,Vessi,footwear
avocadogreenmattress.com,Avocado,home
blueland.com,Blueland,home
bollandbranch.com,Boll and Branch,home
boysmells.com,Boy Smells,home
branchbasics.com,Branch Basics,home
branchfurniture.com,Branch,home
brooklinen.com,Brooklinen,home
byloftie.com,Loftie,home
casper.com,Casper,home
corkcicle.com,Corkcicle,home
coyuchi.com,Coyuchi,home
dedcool.com,Dedcool,home
fellowproducts.com,Fellow,home
floydhome.com,Floyd,home
fromourplace.com,Our Place,home
greatjonesgoods.com,Great Jones,home
hexclad.com,HexClad,home
homesick.com,Homesick,home
luluandgeorgia.com,Lulu and Georgia,home
materialkitchen.com,Material Kitchen,home
miir.com,MiiR,home
misen.com,Misen,home
nanoleaf.me,Nanoleaf,home
otherland.com,Otherland,home
parachutehome.com,Parachute,home
pfcandleco.com,PF Candle Co,home
publicgoods.com,Public Goods,home
sabai.design,Sabai,home
schoolhouse.com,Schoolhouse,home
secretlab.co,Secretlab,home
simplemodern.com,Simple Modern,home
sixpenny.com,Sixpenny,home
thuma.co,Thuma,home
tuftandneedle.com,Tuft and Needle,home
vitruvi.com,Vitruvi,home
auratenewyork.com,Aurate,jewelry
gorjana.com,Gorjana,jewelry
nordgreen.com,Nordgreen,jewelry
puravidabracelets.com,Pura Vida,jewelry
vincerowatches.com,Vincero,jewelry
frida.com,Frida,kids
owletcare.com,Owlet,kids
primary.com,Primary,kids
tonies.com,Tonies,kids
yotoplay.com,Yoto,kids
italic.com,Italic,marketplace
beardbrand.com,Beardbrand,personal-care
drsquatch.com,Dr Squatch,personal-care
dukecannon.com,Duke Cannon,personal-care
functionofbeauty.com,Function of Beauty,personal-care
harrys.com,Harrys,personal-care
nativecos.com,Native,personal-care
oarsandalps.com,Oars and Alps,personal-care
boccesbakery.com,Bocces Bakery,pets
diggs.pet,Diggs,pets
fablepets.com,Fable,pets
openfarmpet.com,Open Farm,pets
thehonestkitchen.com,The Honest Kitchen,pets
thinkjinx.com,Jinx,pets
wildone.com,Wild One,pets
appointed.co,Appointed,stationery
baronfig.com,Baron Fig,stationery
inkandvolt.com,Ink and Volt,stationery
silkandsonder.com,Silk and Sonder,stationery
bulksupplements.com,BulkSupplements,supplements
drinkbrightside.com,Brightside,supplements
ritual.com,Ritual,supplements
transparentlabs.com,Transparent Labs,supplements
keychron.com,Keychron,tech-accessories
moft.us,MOFT,tech-accessories
mous.co,Mous,tech-accessories
nativeunion.com,Native Union,tech-accessories
oakywood.shop,Oakywood,tech-accessories
pcgamingrace.com,Glorious,tech-accessories
peakdesign.com,Peak Design,tech-accessories
satechi.net,Satechi,tech-accessories
studioneat.com,Studio Neat,tech-accessories
twelvesouth.com,Twelve South,tech-accessories
ugmonk.com,Ugmonk,tech-accessories
