domain,status,pages,products,variants
100thieves.com,ok,2,416,2124
aboutface.com,ok,1,74,388
actandacre.com,ok,1,48,52
aimeleondore.com,ok,4,871,3876
alaninu.com,ok,1,75,75
allbirds.com,ok,3,692,7454
aloyoga.com,ok,17,4220,20225
anastasiabeverlyhills.com,ok,1,192,688
andieswim.com,ok,4,786,4056
appointed.co,ok,1,116,474
athleticbrewing.com,ok,2,266,425
atlascoffeeclub.com,ok,2,253,2393
auratenewyork.com,ok,4,830,15716
avocadogreenmattress.com,ok,1,249,2120
awaytravel.com,ok,5,1170,2015
bachans.com,ok,1,34,113
baronfig.com,ok,1,47,223
beardbrand.com,ok,1,66,104
beckettsimonon.com,ok,1,250,10661
beistravel.com,ok,2,462,713
birddogs.com,ok,1,207,2996
birdwell.com,ok,2,370,2016
blackriflecoffee.com,ok,2,370,1572
blackwhiteroasters.com,ok,1,248,680
bloomnu.com,ok,1,65,187
blueland.com,ok,1,80,327
boccesbakery.com,ok,1,136,138
bollandbranch.com,ok,10,2377,6351
bonobos.com,partial:http_500,1,250,7096
bornprimitive.com,ok,5,1215,11802
boysmells.com,ok,1,113,117
branchbasics.com,ok,1,104,144
branchfurniture.com,ok,1,226,4874
brightland.co,ok,1,44,71
brooklinen.com,ok,3,519,6788
bulksupplements.com,ok,4,808,4842
burlapandbarrel.com,ok,1,227,404
byloftie.com,ok,1,21,140
calpaktravel.com,ok,1,175,1717
casper.com,ok,1,218,1116
catalinacrunch.com,ok,1,35,63
chomps.com,ok,1,138,318
chubbiesshorts.com,ok,8,1796,10835
cloakbrand.com,ok,1,49,722
colourpop.com,ok,5,1049,1049
cometeer.com,ok,1,249,274
corkcicle.com,ok,1,159,645
cotopaxi.com,ok,6,1421,15241
counterculturecoffee.com,ok,1,177,288
coyuchi.com,ok,7,1662,6304
cupshe.com,ok,6,1407,10419
cuyana.com,ok,4,919,5702
dagnedover.com,ok,2,355,394
darntough.com,ok,1,248,1691
deathwishcoffee.com,ok,1,149,430
dedcool.com,ok,1,179,223
delacalle.com,ok,1,9,9
diasporaco.com,ok,1,118,153
diggs.pet,ok,1,22,129
draperjames.com,ok,4,865,4056
drinkbrightside.com,ok,1,2,6
drinkghia.com,ok,1,57,167
drinkolipop.com,ok,1,47,114
drinkprime.com,ok,1,50,50
drinksanzo.com,ok,1,8,8
drinktrade.com,ok,3,619,1226
drsquatch.com,ok,1,221,242
dukecannon.com,ok,1,173,182
eatbanza.com,ok,1,60,60
ekster.com,ok,1,62,251
encircled.ca,ok,1,63,1295
equatorcoffees.com,ok,1,137,654
everlane.com,ok,37,9136,73276
fablepets.com,ok,1,67,397
fahertybrand.com,ok,11,2517,18233
fazeclan.com,ok,1,25,112
feastables.com,ok,1,31,84
fellowproducts.com,ok,2,437,1035
fentybeauty.com,ok,5,1035,1199
floydhome.com,ok,1,162,2511
flybyjing.com,ok,1,32,58
foursigmatic.com,ok,1,93,298
frankandoak.com,ok,1,163,1028
freshcleantees.com,ok,3,654,7441
frida.com,ok,1,183,239
fromourplace.com,ok,1,122,611
functionofbeauty.com,ok,1,39,199
ghostlifestyle.com,ok,2,492,978
girlfriend.com,ok,1,165,2558
glossier.com,ok,1,111,353
golfwang.com,ok,1,136,852
goodamerican.com,ok,5,1091,13746
gorjana.com,ok,1,249,709
graza.co,ok,1,80,147
greatjonesgoods.com,ok,1,56,315
greats.com,ok,1,97,901
groovelife.com,ok,2,323,2038
gymshark.com,ok,40,10000,61310
hairstory.com,ok,1,178,180
happydad.com,ok,3,541,2045
harrys.com,ok,1,91,241
hauslabs.com,ok,1,52,279
heatonist.com,ok,1,226,239
herbivorebotanicals.com,ok,1,51,62
herocosmetics.us,ok,1,46,48
herschel.com,ok,2,394,1611
hexclad.com,ok,1,192,323
homesick.com,ok,1,245,248
honest.com,ok,1,202,317
honeylove.com,ok,2,317,7349
hudabeauty.com,ok,1,182,3153
hukitchen.com,ok,1,28,52
hyperice.com,ok,1,67,160
iliabeauty.com,ok,1,78,339
inkandvolt.com,ok,1,115,270
intelligentsia.com,ok,2,330,502
italic.com,ok,1,48,1124
jacobsensalt.com,ok,1,91,124
janji.com,ok,1,114,2198
jeffreestarcosmetics.com,ok,2,253,1120
jenis.com,ok,1,96,110
katinusa.com,ok,2,303,3782
keychron.com,ok,3,713,5005
kineuphorics.com,ok,1,24,39
kith.com,ok,40,10000,104304
knix.com,ok,3,658,17053
koio.co,ok,1,122,948
kosas.com,ok,1,82,337
kyliecosmetics.com,ok,1,247,696
lacolombe.com,ok,1,64,128
leftonfriday.com,ok,1,249,1096
liquiddeath.com,ok,1,217,643
lttstore.com,ok,1,181,1160
luluandgeorgia.com,ok,2,499,1437
mackweldon.com,ok,3,575,27331
madhappy.com,ok,3,675,3999
magicspoon.com,ok,1,182,283
makeupbymario.com,ok,1,64,356
marinelayer.com,ok,11,2657,15033
materialkitchen.com,ok,1,59,183
meritbeauty.com,ok,2,272,578
miir.com,ok,1,171,1033
ministryofsupply.com,ok,1,98,1615
misen.com,ok,2,449,692
moft.us,ok,1,101,1559
monos.com,ok,1,95,576
morphe.com,ok,1,172,1704
mous.co,ok,2,426,3175
mythical.com,ok,2,342,1609
nanoleaf.me,ok,1,82,521
nativecos.com,ok,1,94,508
nativeshoes.com,ok,1,137,1801
nativeunion.com,ok,1,181,1309
negativeunderwear.com,ok,4,805,5701
nisolo.com,ok,1,169,1507
nobullproject.com,ok,4,992,9894
nordgreen.com,ok,3,535,627
oakywood.shop,ok,1,124,1810
oarsandalps.com,ok,1,170,331
olivercabell.com,ok,1,249,1963
olukai.com,ok,2,480,4881
oneractive.com,ok,16,3913,27962
onnit.com,ok,1,31,31
onyxcoffeelab.com,ok,1,248,630
openfarmpet.com,ok,1,238,396
orbitkey.com,ok,1,131,665
otherland.com,ok,1,52,52
outdoorvoices.com,ok,2,369,2533
owletcare.com,ok,1,27,67
parachutehome.com,ok,7,1651,4565
partakefoods.com,ok,1,15,28
passengercoffee.com,ok,3,564,2062
pathprojects.com,ok,1,89,1379
patrickta.com,ok,1,87,472
pcgamingrace.com,ok,1,233,606
peakdesign.com,ok,1,190,190
pfcandleco.com,ok,1,87,100
primary.com,ok,6,1487,33284
proudmarycoffee.com,ok,4,752,5860
publicgoods.com,ok,1,161,272
puravidabracelets.com,ok,3,656,2262
rarebeauty.com,ok,1,151,546
redbaycoffee.com,ok,1,24,61
rembeauty.com,ok,1,99,462
rhodeskin.com,ok,1,117,176
ridge.com,ok,6,1275,1822
ritual.com,ok,1,39,46
ritualzeroproof.com,ok,1,17,92
rothys.com,ok,3,732,12630
rubycoffeeroasters.com,ok,1,235,761
rumbleroller.com,ok,1,14,26
sabai.design,ok,2,337,6793
saiehello.com,ok,1,68,236
satechi.net,ok,1,141,298
saxxunderwear.com,ok,3,642,3459
schoolhouse.com,ok,2,262,1305
secretlab.co,ok,1,162,1306
senitaathletics.com,ok,1,249,1475
sheertex.com,ok,1,31,346
sidemenclothing.com,ok,1,80,454
sightglasscoffee.com,ok,1,57,575
silkandsonder.com,ok,1,78,151
simplemodern.com,ok,7,1735,1735
sixpenny.com,ok,3,646,28015
spicewallabrand.com,ok,2,288,358
stance.com,ok,9,2027,5534
starface.world,ok,1,47,52
stateandliberty.com,ok,1,249,1222
studioneat.com,ok,1,48,144
stumptowncoffee.com,ok,1,101,142
summerfridays.com,ok,1,172,207
summersalt.com,ok,6,1410,8877
taylorstitch.com,ok,16,3837,22953
teddyfresh.com,ok,1,53,480
tenthousand.cc,ok,1,82,3920
tentree.com,ok,8,1815,7988
thehonestkitchen.com,ok,1,133,217
theouai.com,ok,1,133,144
therabody.com,ok,1,134,134
thinkjinx.com,ok,1,73,142
thirdlove.com,ok,2,363,6852
thuma.co,ok,2,257,7393
thursdayboots.com,ok,7,1689,20467
tommyjohn.com,ok,3,501,20975
tonies.com,http_404,0,0,0
topodesigns.com,ok,3,541,2173
transparentlabs.com,ok,1,73,298
trueclassictees.com,ok,2,493,4949
truff.com,ok,1,41,119
tuftandneedle.com,ok,1,106,488
twelvesouth.com,ok,1,58,159
ugmonk.com,ok,1,191,253
universalstandard.com,ok,10,2260,27902
unrealsnacks.com,ok,1,57,91
untuckit.com,ok,2,413,4671
vegamour.com,ok,1,63,196
versedskin.com,ok,1,75,876
vessi.com,ok,1,248,2222
vincerowatches.com,ok,3,621,1707
vitruvi.com,ok,1,113,146
wildone.com,ok,1,57,332
yellowbirdfoods.com,ok,1,32,81
yotoplay.com,ok,1,249,295
